seed	mode	out_of_support_percent	panel	dt	transition
11	full SDE	18.94	A	0.0025	
11	drift-only (d=0)	19.13	A	0.0025	
23	full SDE	10.57	A	0.0025	
23	drift-only (d=0)	10.65	A	0.0025	
47	full SDE	12.12	A	0.0025	
47	drift-only (d=0)	11.55	A	0.0025	
71	full SDE	15.54	A	0.0025	
71	drift-only (d=0)	15.22	A	0.0025	
101	full SDE	13.02	A	0.0025	
101	drift-only (d=0)	12.57	A	0.0025	
11	full SDE	18.95	B	0.01	4_to_6
11	full SDE	18.95	B	0.005	4_to_6
11	full SDE	18.94	B	0.0025	4_to_6
23	full SDE	10.56	B	0.01	4_to_6
23	full SDE	10.56	B	0.005	4_to_6
23	full SDE	10.57	B	0.0025	4_to_6
47	full SDE	12.12	B	0.01	4_to_6
47	full SDE	12.11	B	0.005	4_to_6
47	full SDE	12.12	B	0.0025	4_to_6
71	full SDE	15.53	B	0.01	4_to_6
71	full SDE	15.53	B	0.005	4_to_6
71	full SDE	15.54	B	0.0025	4_to_6
101	full SDE	13.08	B	0.01	4_to_6
101	full SDE	13.03	B	0.005	4_to_6
101	full SDE	13.02	B	0.0025	4_to_6
