seed	class	prevalence_n	prevalence_fraction	precision	recall	f1	oof_one_vs_rest_ece_10bins	multiclass_brier_seed	weak_fate_flag	classifier_frozen
11	Monocyte	10727	0.198134466198744	0.8944299390774587	0.9580497809266337	0.9251474096412657	0.00843492160007482	0.21608937102618941	False	True
11	Neutrophil	14448	0.26686368673808647	0.8802811849939028	0.8493909191583611	0.864560216985452	0.030402456753196756	0.21608937102618941	False	True
11	Basophil	6721	0.12414111562615442	0.8827424472341012	0.9520904627287606	0.9161059413027917	0.005077126178596221	0.21608937102618941	False	True
11	Megakaryocyte	1367	0.025249353527890653	0.8699444885011896	0.8024871982443307	0.834855403348554	0.004166651488729092	0.21608937102618941	False	True
11	Mast	1965	0.03629479128186184	0.8883878241262683	0.8020356234096692	0.8430061513773737	0.008035592773861672	0.21608937102618941	False	True
11	Erythroid	433	0.007997783524196528	0.0	0.0	0.0	0.0012728696449297223	0.21608937102618941	True	True
11	Eosinophil	351	0.0064831917251570005	0.0	0.0	0.0	0.00010243508801890261	0.21608937102618941	True	True
11	Lymphoid	130	0.0024011821204285187	0.6923076923076923	0.13846153846153847	0.23076923076923078	0.0007235209152419031	0.21608937102618941	True	True
11	Other/Unresolved	107	0.001976357591429627	0.5	0.2897196261682243	0.3668639053254438	0.0006212790559483944	0.21608937102618941	False	True
11	Undifferentiated/Unresolved progenitor	17891	0.33045807166605096	0.7930413917216557	0.812810910513666	0.8028044606381805	0.04654480519568267	0.21608937102618941	False	True
23	Monocyte	10727	0.198134466198744	0.9085865017282154	0.9312016407196794	0.9197550757331615	0.019359768429728842	0.20695587517664676	False	True
23	Neutrophil	14448	0.26686368673808647	0.9389017788089714	0.9242801771871539	0.9315336053852324	0.020838074707016763	0.20695587517664676	False	True
23	Basophil	6721	0.12414111562615442	0.8156521739130435	0.90715667311412	0.8589743589743589	0.01266827182120366	0.20695587517664676	False	True
23	Megakaryocyte	1367	0.025249353527890653	0.8377622377622378	0.8763716166788588	0.8566321058276725	0.004991318085326459	0.20695587517664676	False	True
23	Mast	1965	0.03629479128186184	0.5515151515151515	0.2778625954198473	0.3695431472081218	0.019182446527153108	0.20695587517664676	False	True
23	Erythroid	433	0.007997783524196528	0.0	0.0	0.0	0.0005730670184354597	0.20695587517664676	True	True
23	Eosinophil	351	0.0064831917251570005	0.0	0.0	0.0	9.641392281029666e-05	0.20695587517664676	True	True
23	Lymphoid	130	0.0024011821204285187	0.0	0.0	0.0	2.1303602354491667e-05	0.20695587517664676	True	True
23	Other/Unresolved	107	0.001976357591429627	0.0	0.0	0.0	1.9890395025119658e-05	0.20695587517664676	True	True
23	Undifferentiated/Unresolved progenitor	17891	0.33045807166605096	0.8147466890897624	0.8665250684701805	0.8398385655082748	0.04543833032283831	0.20695587517664676	False	True
47	Monocyte	10727	0.198134466198744	0.8862611576332015	0.8978279108790902	0.8920070389923127	0.020099674923520598	0.2206610367643973	False	True
47	Neutrophil	14448	0.26686368673808647	0.9445330626450116	0.9016472868217055	0.9225920679886686	0.026224307988011793	0.2206610367643973	False	True
47	Basophil	6721	0.12414111562615442	0.7531365313653137	0.9110251450676983	0.8245909366372635	0.021092943731498323	0.2206610367643973	False	True
47	Megakaryocyte	1367	0.025249353527890653	0.9149765990639626	0.8580833942940747	0.8856172140430353	0.004490213915370462	0.2206610367643973	False	True
47	Mast	1965	0.03629479128186184	0.4540682414698163	0.08804071246819338	0.1474850809889173	0.030728988931919436	0.2206610367643973	True	True
47	Erythroid	433	0.007997783524196528	0.0	0.0	0.0	0.00011768141013842362	0.2206610367643973	True	True
47	Eosinophil	351	0.0064831917251570005	0.0	0.0	0.0	0.00023078426897486096	0.2206610367643973	True	True
47	Lymphoid	130	0.0024011821204285187	0.6216216216216216	0.17692307692307693	0.2754491017964072	0.0009796661320911728	0.2206610367643973	True	True
47	Other/Unresolved	107	0.001976357591429627	0.0	0.0	0.0	2.1958839130374e-05	0.2206610367643973	True	True
47	Undifferentiated/Unresolved progenitor	17891	0.33045807166605096	0.8061167370617272	0.885417248896093	0.8439081561983912	0.03566385267966163	0.2206610367643973	False	True
71	Monocyte	10727	0.198134466198744	0.8835412953060012	0.8317330101612753	0.8568547418967587	0.02909426287320587	0.22255737175822657	False	True
71	Neutrophil	14448	0.26686368673808647	0.937420844818595	0.8709163898117387	0.9029457141832012	0.04026654490014331	0.22255737175822657	False	True
71	Basophil	6721	0.12414111562615442	0.9024933834795933	0.9639934533551555	0.9322302158273382	0.0060096152775454	0.22255737175822657	False	True
71	Megakaryocyte	1367	0.025249353527890653	0.8775071633237822	0.8961228968544257	0.8867173362287368	0.004642142403373503	0.22255737175822657	False	True
71	Mast	1965	0.03629479128186184	0.8766455387615797	0.9150127226463104	0.8954183266932271	0.017139752718421716	0.22255737175822657	False	True
71	Erythroid	433	0.007997783524196528	0.0	0.0	0.0	0.00016351999210102936	0.22255737175822657	True	True
71	Eosinophil	351	0.0064831917251570005	0.0	0.0	0.0	0.0002000236268271235	0.22255737175822657	True	True
71	Lymphoid	130	0.0024011821204285187	0.0	0.0	0.0	1.159410970278307e-05	0.22255737175822657	True	True
71	Other/Unresolved	107	0.001976357591429627	0.0	0.0	0.0	1.1881424186244768e-05	0.22255737175822657	True	True
71	Undifferentiated/Unresolved progenitor	17891	0.33045807166605096	0.7677687190516681	0.8579732826560841	0.8103684932953226	0.05482270813614034	0.22255737175822657	False	True
101	Monocyte	10727	0.198134466198744	0.882587995238905	0.9677449426680339	0.9232069011516743	0.01918094583284261	0.2655860129380303	False	True
101	Neutrophil	14448	0.26686368673808647	0.9393939393939394	0.9118909191583611	0.9254381343729148	0.023151056660235574	0.2655860129380303	False	True
101	Basophil	6721	0.12414111562615442	0.7891682785299806	0.8498735307245946	0.8183967332903503	0.054991018207593445	0.2655860129380303	False	True
101	Megakaryocyte	1367	0.025249353527890653	0.773678963110668	0.5676664228237015	0.6548523206751055	0.010165037453501164	0.2655860129380303	False	True
101	Mast	1965	0.03629479128186184	0.0	0.0	0.0	0.02304064948928402	0.2655860129380303	True	True
101	Erythroid	433	0.007997783524196528	0.0	0.0	0.0	0.0012145142869034943	0.2655860129380303	True	True
101	Eosinophil	351	0.0064831917251570005	0.0	0.0	0.0	7.948812413272749e-05	0.2655860129380303	True	True
101	Lymphoid	130	0.0024011821204285187	0.5555555555555556	0.38461538461538464	0.4545454545454546	0.00038489725642428977	0.2655860129380303	False	True
101	Other/Unresolved	107	0.001976357591429627	0.7272727272727273	0.37383177570093457	0.49382716049382713	0.000967672949160893	0.2655860129380303	False	True
101	Undifferentiated/Unresolved progenitor	17891	0.33045807166605096	0.7375669855261181	0.8231513051254821	0.7780125733002271	0.08925993624124771	0.2655860129380303	False	True
