true_state	Monocyte	Neutrophil	Basophil	Megakaryocyte	Mast	Erythroid	Eosinophil	Lymphoid	Other/Unresolved	Undifferentiated/Unresolved progenitor
Monocyte	9631	0	12	0	0	0	0	0	0	1084
Neutrophil	1	13027	5	0	0	0	0	0	0	1415
Basophil	160	0	6123	0	159	0	0	0	0	279
Megakaryocyte	22	2	0	1173	0	0	0	0	0	170
Mast	144	0	1522	0	173	0	0	0	0	126
Erythroid	2	3	0	20	0	0	0	0	0	408
Eosinophil	37	2	169	0	15	0	0	0	0	128
Lymphoid	0	0	0	0	0	0	0	23	0	107
Other/Unresolved	3	1	3	0	0	0	0	7	0	93
Undifferentiated/Unresolved progenitor	867	757	296	89	34	0	0	7	0	15841
