seed	transition	d	latent_dimension	model_delta_t	expected_diffusion_rms_sqrt_2d_dt_D	target_30nn_radius_median	target_30nn_radius_q99_support_boundary	empirical_source_to_target_nearest_distance_median	frozen_model_endpoint_source_displacement_median	diffusion_rms_over_target_30nn_median	diffusion_rms_over_support_radius_q99	diffusion_rms_over_source_target_nn_displacement	endpoint_path
11	2_to_4	0.0010222990531474352	2	1.0	0.063946823318987	0.02203881847273637	0.12625288594116266	0.003407168855587469	0.6766592188492508	2.901554064619839	0.5064979136301724	18.768316461369274	results/phase1R/snapshot_qc/seed_11/2_to_4_endpoints.npz
11	4_to_6	0.0010222990531474352	2	1.0	0.063946823318987	0.022798274204344236	0.1299733981877577	0.003968443727073915	0.7122170727439632	2.804897543815043	0.49199931840368094	16.113828925611962	results/phase1R/snapshot_qc/seed_11/4_to_6_endpoints.npz
23	2_to_4	0.0012571030529215932	2	1.0	0.07091129819490243	0.019583218295860974	0.14767617169006253	0.0014393669218187583	0.14126058571229094	3.6210237318291005	0.4801810433150212	49.265616098291446	results/phase1R/snapshot_qc/seed_23/2_to_4_endpoints.npz
23	4_to_6	0.0012571030529215932	2	1.0	0.07091129819490243	0.024077916446818656	0.16922821353016088	0.0032008830563720683	0.48181513734331827	2.945076180138989	0.4190276356150518	22.15366726808021	results/phase1R/snapshot_qc/seed_23/4_to_6_endpoints.npz
47	2_to_4	0.0011289551621302962	2	1.0	0.06719985601562838	0.01495183780164792	0.133506163334594	0.0017240850617806821	0.16886441104252486	4.494421147895406	0.5033464698345923	38.97711168973446	results/phase1R/snapshot_qc/seed_47/2_to_4_endpoints.npz
47	4_to_6	0.0011289551621302962	2	1.0	0.06719985601562838	0.017808361515954683	0.15819815675459944	0.002481563780817096	0.48338461895868057	3.7735002153580144	0.4247828002185279	27.07964088414512	results/phase1R/snapshot_qc/seed_47/4_to_6_endpoints.npz
71	2_to_4	0.004064040724188089	2	1.0	0.12749965841817915	0.019699411290584057	0.18277767495709124	0.0015733410357971133	0.2280469127711633	6.472257294263486	0.697566912633673	81.0375217561036	results/phase1R/snapshot_qc/seed_71/2_to_4_endpoints.npz
71	4_to_6	0.004064040724188089	2	1.0	0.12749965841817915	0.021548058611790877	0.2065616993304518	0.0033342852204501926	0.5933700417579004	5.916990514793413	0.6172473349679829	38.238977768363874	results/phase1R/snapshot_qc/seed_71/4_to_6_endpoints.npz
101	2_to_4	0.0022350186482071877	2	1.0	0.09455196768353766	0.020822473493674255	0.15048867862370408	0.003572235850704811	0.5447597839918342	4.540861474130919	0.6282995408575831	26.468568043983524	results/phase1R/snapshot_qc/seed_101/2_to_4_endpoints.npz
101	4_to_6	0.0022350186482071877	2	1.0	0.09455196768353766	0.02208087364818511	0.1270610431799659	0.0037345026916122915	0.4666557559684559	4.282075482611583	0.7441460050789663	25.318489633412707	results/phase1R/snapshot_qc/seed_101/4_to_6_endpoints.npz
