seed	time_stratum	n_cells	growth_pearson	growth_rank_spearman	local_30nn_growth_spearman	growth_vs_hvg_log1p_sum_proxy_spearman	growth_vs_latent_norm_spearman	hvg_log1p_sum_proxy_label	growth_vs_library_batch_eta_squared	growth_vs_timepoint_eta_squared	library_batch_covariate	expression_burden_covariate
11	all	130887	1.0	0.9999999999999998	0.9999999999999998	-0.020424431991521	-0.2024777772321548	sum of frozen log1p top-3000 expression; technical burden proxy, not raw UMI count	0.4902489980986924	0.4399081463391718	categorical Library ID; non-lineage technical grouping	sum of frozen top-3000 log1p expression values; proxy, not raw UMI library size
11	day2	28249	1.0	1.0	1.0	0.3479080580212957	-0.5134137093914313	sum of frozen log1p top-3000 expression; technical burden proxy, not raw UMI count	0.32412028704815		categorical Library ID; non-lineage technical grouping	sum of frozen top-3000 log1p expression values; proxy, not raw UMI library size
11	day4	48498	1.0	1.0	1.0	0.4880672681196396	0.221139544030507	sum of frozen log1p top-3000 expression; technical burden proxy, not raw UMI count	0.10727736763801494		categorical Library ID; non-lineage technical grouping	sum of frozen top-3000 log1p expression values; proxy, not raw UMI library size
11	day6	54140	1.0	1.0	1.0	-0.0124252232562318	-0.2271000913962658	sum of frozen log1p top-3000 expression; technical burden proxy, not raw UMI count	0.03928201681625557		categorical Library ID; non-lineage technical grouping	sum of frozen top-3000 log1p expression values; proxy, not raw UMI library size
23	all	130887	0.36236250267746	0.4144289487192369	0.1024282282317848	0.094669805312159	0.3557600003088831	sum of frozen log1p top-3000 expression; technical burden proxy, not raw UMI count	0.2551509208324086	0.04611181220519112	categorical Library ID; non-lineage technical grouping	sum of frozen top-3000 log1p expression values; proxy, not raw UMI library size
23	day2	28249	0.6911777730587313	0.6430183366377717	0.3027427535777976	0.2803369593086889	0.0410632567171565	sum of frozen log1p top-3000 expression; technical burden proxy, not raw UMI count	0.20383188096487956		categorical Library ID; non-lineage technical grouping	sum of frozen top-3000 log1p expression values; proxy, not raw UMI library size
23	day4	48498	0.4730140736016189	0.3522611156253323	0.1799461789645464	0.1093207521616713	0.3642118280067263	sum of frozen log1p top-3000 expression; technical burden proxy, not raw UMI count	0.1519762452102368		categorical Library ID; non-lineage technical grouping	sum of frozen top-3000 log1p expression values; proxy, not raw UMI library size
23	day6	54140	0.2763683319992445	0.0219888742903005	-0.0785383590773197	0.0192703202443542	0.6396410676778005	sum of frozen log1p top-3000 expression; technical burden proxy, not raw UMI count	0.24904547606113925		categorical Library ID; non-lineage technical grouping	sum of frozen top-3000 log1p expression values; proxy, not raw UMI library size
47	all	130887	0.5202626039368446	0.4932922952049728	-0.031391228821623	0.2774940069843248	0.3816650757174785	sum of frozen log1p top-3000 expression; technical burden proxy, not raw UMI count	0.44728310199221066	0.2709889855485927	categorical Library ID; non-lineage technical grouping	sum of frozen top-3000 log1p expression values; proxy, not raw UMI library size
47	day2	28249	0.6599540104006775	0.7764702273217958	0.2761536182930786	0.3054264982731622	-0.1982197463301236	sum of frozen log1p top-3000 expression; technical burden proxy, not raw UMI count	0.14678431307751943		categorical Library ID; non-lineage technical grouping	sum of frozen top-3000 log1p expression values; proxy, not raw UMI library size
47	day4	48498	0.6825265742772385	0.6768902978583181	-0.0342543549448491	0.6557060653800334	0.7307741355556224	sum of frozen log1p top-3000 expression; technical burden proxy, not raw UMI count	0.21939290875740922		categorical Library ID; non-lineage technical grouping	sum of frozen top-3000 log1p expression values; proxy, not raw UMI library size
47	day6	54140	0.1369009236897871	-0.0360157644344453	-0.1936823596466941	0.5216185057327762	0.9175911289094012	sum of frozen log1p top-3000 expression; technical burden proxy, not raw UMI count	0.26894208886709836		categorical Library ID; non-lineage technical grouping	sum of frozen top-3000 log1p expression values; proxy, not raw UMI library size
71	all	130887	0.0112439231895024	0.0533187291236098	-0.6743937350967807	0.291423065532818	0.3278311577433641	sum of frozen log1p top-3000 expression; technical burden proxy, not raw UMI count	0.21816502385202094	0.10869520922638971	categorical Library ID; non-lineage technical grouping	sum of frozen top-3000 log1p expression values; proxy, not raw UMI library size
71	day2	28249	0.1738839470507369	0.1492734416772428	0.0630980618476483	0.3128746842264924	-0.1267137770678584	sum of frozen log1p top-3000 expression; technical burden proxy, not raw UMI count	0.09297936075904094		categorical Library ID; non-lineage technical grouping	sum of frozen top-3000 log1p expression values; proxy, not raw UMI library size
71	day4	48498	-0.0846323841361985	0.1769170474500927	-0.6074114832812494	0.4984790153429477	0.512416138472894	sum of frozen log1p top-3000 expression; technical burden proxy, not raw UMI count	0.10127291311888616		categorical Library ID; non-lineage technical grouping	sum of frozen top-3000 log1p expression values; proxy, not raw UMI library size
71	day6	54140	-0.4551314735485606	-0.4758525598307807	-0.8481976896286547	0.4845072168979301	0.8573597642586408	sum of frozen log1p top-3000 expression; technical burden proxy, not raw UMI count	0.13537457722563323		categorical Library ID; non-lineage technical grouping	sum of frozen top-3000 log1p expression values; proxy, not raw UMI library size
101	all	130887	0.1785443591780626	0.2827366465872655	-0.1552917885308556	0.0099759770594502	0.2833618436358255	sum of frozen log1p top-3000 expression; technical burden proxy, not raw UMI count	0.22711242982546606	0.13222969643153767	categorical Library ID; non-lineage technical grouping	sum of frozen top-3000 log1p expression values; proxy, not raw UMI library size
101	day2	28249	-0.6004816546522159	-0.7058988384949878	0.1491670619218983	-0.1896602047811173	0.917644031153436	sum of frozen log1p top-3000 expression; technical burden proxy, not raw UMI count	0.11221512783049799		categorical Library ID; non-lineage technical grouping	sum of frozen top-3000 log1p expression values; proxy, not raw UMI library size
101	day4	48498	0.2697802249072181	0.4681290398583791	-0.0855464305219148	0.1948102923485842	0.1577640248867539	sum of frozen log1p top-3000 expression; technical burden proxy, not raw UMI count	0.0837600280654464		categorical Library ID; non-lineage technical grouping	sum of frozen top-3000 log1p expression values; proxy, not raw UMI library size
101	day6	54140	-0.2197674931299212	0.0447628796697197	-0.2566463292476301	0.1854682906641147	0.3430167881764208	sum of frozen log1p top-3000 expression; technical burden proxy, not raw UMI count	0.1224035640994682		categorical Library ID; non-lineage technical grouping	sum of frozen top-3000 log1p expression values; proxy, not raw UMI library size
