seed	metric_k	pairwise_distance_spearman_rho	trustworthiness_seed_to_seed	neighborhood_jaccard_median	neighborhood_overlap_fraction_of_k_median	mutual_knn_edge_jaccard	local_neighbor_rank_spearman_median	self_neighbor_excluded	canonical_ID_aligned	n_cells	pair_sample_n	trustworthiness_probe_n
11	10	1.0	1.0	1.0	1.0	1.0	0.9999999999999999	True	True	130887	50000	5000
11	30	1.0	1.0	1.0	1.0	1.0	1.0	True	True	130887	50000	5000
11	50	1.0	1.0	1.0	1.0	1.0	0.9999999999999999	True	True	130887	50000	5000
23	10	0.6821160189855504	0.9504803932189788	0.0	0.0	0.002249330844229136	-0.7473684210526315	True	True	130887	50000	5000
23	30	0.6821160189855504	0.9522672102802167	0.0	0.0	0.006769973395603852	-0.7416504584606837	True	True	130887	50000	5000
23	50	0.6821160189855504	0.9535315715301046	0.010101010101010102	0.02	0.011054732429083811	-0.7349727621615516	True	True	130887	50000	5000
47	10	0.712022607803593	0.9526235530143444	0.0	0.0	0.0026093878597352833	-0.7488721804511278	True	True	130887	50000	5000
47	30	0.712022607803593	0.9518905076193359	0.0	0.0	0.007649934749032749	-0.7402650161443314	True	True	130887	50000	5000
47	50	0.712022607803593	0.9512502572850036	0.010101010101010102	0.02	0.012257206682893873	-0.734239423942394	True	True	130887	50000	5000
71	10	0.6683004224030002	0.9709176888353898	0.0	0.0	0.003388406910340025	-0.7488721804511278	True	True	130887	50000	5000
71	30	0.6683004224030002	0.9719397880714502	0.0	0.0	0.00990331831593569	-0.7366471529447836	True	True	130887	50000	5000
71	50	0.6683004224030002	0.9727167257589603	0.010101010101010102	0.02	0.015816312001042467	-0.728338813473184	True	True	130887	50000	5000
101	10	0.5289768631877828	0.9442646925468954	0.0	0.0	0.003106718424374328	-0.7458646616541353	True	True	130887	50000	5000
101	30	0.5289768631877828	0.9422928233592357	0.0	0.0	0.00888995923438021	-0.7373992775771049	True	True	130887	50000	5000
101	50	0.5289768631877828	0.9417486120418317	0.010101010101010102	0.02	0.014122814915480196	-0.7308356141736623	True	True	130887	50000	5000
