seed	transition	mode	dt	n_steps	diffusion_d_checkpoint	sinkhorn_definition	out_of_support_fraction	support_radius_q99	sinkhorn_regularization	mmd_bandwidth	endpoint_nearest_distance_median	endpoint_spread_trace_covariance	median_source_endpoint_displacement	runtime_seconds	median_displacement_from_previous_step_size	p95_displacement_from_previous_step_size	median_displacement_from_frozen_phase1r_endpoint	p95_displacement_from_frozen_phase1r_endpoint	debiased_sinkhorn	identity_debiased_sinkhorn	random_debiased_sinkhorn	debiased_sinkhorn_better_than_both_nulls	debiased_sinkhorn_improvement_over_identity	debiased_sinkhorn_improvement_over_random	mmd2	identity_mmd2	random_mmd2	mmd_better_than_both_nulls	mmd_improvement_over_identity	mmd_improvement_over_random	excess_support_escape_fraction_due_to_diffusion	full_sde_minus_drift_endpoint_spread	endpoint_array_path
11	2_to_4	full_sde	0.01	100	0.0010222990531474352	POT-compatible debiased squared-Euclidean Sinkhorn; parity exact on frozen seed-11 2-to-4 snapshot	0.0388	0.12625288594116266	0.057268548074954344	1.070220052836351	0.004098371947302327	0.6921672703837276	0.6766592264175415	0.1650475420001385	0.0	0.0	0.0	0.0	0.2182985891865317	0.6433880825697806	0.6425098494926899	True	0.6607046429666259	0.660240867344065	0.01449346437251764	0.1691622330476168	0.16886585166554346	True	0.15466876867509916	0.15437238729302583	0.0016000000000000042	0.0049675017346135775	results/phase1RS/solver_sensitivity/seed_11_coupled_endpoints.npz
11	2_to_4	drift_only_d0	0.01	100	0.0010222990531474352	POT-compatible debiased squared-Euclidean Sinkhorn; parity exact on frozen seed-11 2-to-4 snapshot	0.0372	0.12625288594116266	0.057268548074954344	1.070220052836351	0.004015961107442833	0.687199768649114	0.6645563244819641	0.18910283299965158	0.0	0.0	0.06271271407604218	0.13207402080297462	0.219533777038335	0.6433880825697806	0.6425098494926899	True	0.658784825231007	0.658318425450328	0.014608206141047075	0.1691622330476168	0.16886585166554346	True	0.15455402690656972	0.1542576455244964			results/phase1RS/solver_sensitivity/seed_11_coupled_endpoints.npz
11	2_to_4	full_sde	0.005	200	0.0010222990531474352	POT-compatible debiased squared-Euclidean Sinkhorn; parity exact on frozen seed-11 2-to-4 snapshot	0.0388	0.12625288594116266	0.057268548074954344	1.070220052836351	0.00407876681823252	0.69234704509087	0.6769418716430664	0.35223637500030236	0.0003819395788013935	0.0010956109210383147	0.0003819395788013935	0.0010956109210383147	0.21801235156653404	0.6433880825697806	0.6425098494926899	True	0.6611495340483109	0.6606863665379273	0.01446480854594867	0.1691622330476168	0.16886585166554346	True	0.15469742450166812	0.1544010431195948	0.001800000000000003	0.004976674305587903	results/phase1RS/solver_sensitivity/seed_11_coupled_endpoints.npz
11	2_to_4	drift_only_d0	0.005	200	0.0010222990531474352	POT-compatible debiased squared-Euclidean Sinkhorn; parity exact on frozen seed-11 2-to-4 snapshot	0.037	0.12625288594116266	0.057268548074954344	1.070220052836351	0.004012375344320852	0.6873703707852821	0.6649383902549744	0.32560458300031314	0.0003496849676594138	0.0010770580323878674	0.06278853118419647	0.13229395076632494	0.21924957956586122	0.6433880825697806	0.6425098494926899	True	0.6592265453687793	0.658760749365982	0.014579762043856137	0.1691622330476168	0.16886585166554346	True	0.15458247100376066	0.15428608962168733			results/phase1RS/solver_sensitivity/seed_11_coupled_endpoints.npz
11	2_to_4	full_sde	0.0025	400	0.0010222990531474352	POT-compatible debiased squared-Euclidean Sinkhorn; parity exact on frozen seed-11 2-to-4 snapshot	0.0387	0.12625288594116266	0.057268548074954344	1.070220052836351	0.004071276592151966	0.6924373410023724	0.6770681142807007	0.8276825410002857	0.00019162525131832808	0.0005431115539977325	0.0005671986727975309	0.0016286765108816323	0.21786742495812533	0.6433880825697806	0.6425098494926899	True	0.6613747893993733	0.6609119297857486	0.014450306962616288	0.1691622330476168	0.16886585166554346	True	0.1547119260850005	0.15441554470292718	0.0015999999999999973	0.004981392445768562	results/phase1RS/solver_sensitivity/seed_11_coupled_endpoints.npz
11	2_to_4	drift_only_d0	0.0025	400	0.0010222990531474352	POT-compatible debiased squared-Euclidean Sinkhorn; parity exact on frozen seed-11 2-to-4 snapshot	0.0371	0.12625288594116266	0.057268548074954344	1.070220052836351	0.004037672958697465	0.6874559485566039	0.6650650501251221	0.6609400410002308	0.00017490240861661732	0.0005397258006269112	0.06285987794399261	0.1323723785579203	0.21910731384830218	0.6433880825697806	0.6425098494926899	True	0.6594476649720378	0.6589821712129331	0.014565555445717138	0.1691622330476168	0.16886585166554346	True	0.15459667760189966	0.15430029621982633			results/phase1RS/solver_sensitivity/seed_11_coupled_endpoints.npz
11	4_to_6	full_sde	0.01	100	0.0010222990531474352	POT-compatible debiased squared-Euclidean Sinkhorn; parity exact on frozen seed-11 2-to-4 snapshot	0.1895	0.1299733981877577	0.10126137404541824	1.4231048734738343	0.0071988475340216485	1.9038016634874848	0.7122170925140381	0.18145450000019991	0.0	0.0	0.0	0.0	0.2574412755979717	0.3179141187764377	0.3187247076736754	True	0.19021754494958898	0.19227700457552355	0.01676094154676755	0.04487994793650918	0.044856891404360555	True	0.02811900638974163	0.028095949857593006	-0.001899999999999985	0.004176215994085242	results/phase1RS/solver_sensitivity/seed_11_coupled_endpoints.npz
11	4_to_6	drift_only_d0	0.01	100	0.0010222990531474352	POT-compatible debiased squared-Euclidean Sinkhorn; parity exact on frozen seed-11 2-to-4 snapshot	0.1914	0.1299733981877577	0.10126137404541824	1.4231048734738343	0.0070371072456326955	1.8996254474933996	0.72154700756073	0.21768500000007407	0.0	0.0	0.06034427881240845	0.12912993505597115	0.2571569487395107	0.3179141187764377	0.3187247076736754	True	0.1911118961018916	0.19316908119090814	0.0167105414463804	0.04487994793650918	0.044856891404360555	True	0.02816940649012878	0.028146349957980155			results/phase1RS/solver_sensitivity/seed_11_coupled_endpoints.npz
11	4_to_6	full_sde	0.005	200	0.0010222990531474352	POT-compatible debiased squared-Euclidean Sinkhorn; parity exact on frozen seed-11 2-to-4 snapshot	0.1895	0.1299733981877577	0.10126137404541824	1.4231048734738343	0.007214616627169381	1.9037056274042459	0.7121529579162598	0.35267674999977316	0.0003013817477039993	0.0009584807441569862	0.0003013817477039993	0.0009584807441569862	0.25720927578452923	0.3179141187764377	0.3187247076736754	True	0.1909473011942483	0.19300490488527922	0.016749995126221107	0.04487994793650918	0.044856891404360555	True	0.028129952810288072	0.028106896278139448	-0.001799999999999996	0.004181003442918607	results/phase1RS/solver_sensitivity/seed_11_coupled_endpoints.npz
11	4_to_6	drift_only_d0	0.005	200	0.0010222990531474352	POT-compatible debiased squared-Euclidean Sinkhorn; parity exact on frozen seed-11 2-to-4 snapshot	0.1913	0.1299733981877577	0.10126137404541824	1.4231048734738343	0.007016758578383327	1.8995246239613273	0.7214094400405884	0.4035133330003191	0.0002913086791522801	0.0009325960796559225	0.06026051938533783	0.1290827065706253	0.25693061425514246	0.3179141187764377	0.3187247076736754	True	0.19182383203364373	0.19387920650883606	0.016699814341765817	0.04487994793650918	0.044856891404360555	True	0.028180133594743362	0.028157077062594738			results/phase1RS/solver_sensitivity/seed_11_coupled_endpoints.npz
11	4_to_6	full_sde	0.0025	400	0.0010222990531474352	POT-compatible debiased squared-Euclidean Sinkhorn; parity exact on frozen seed-11 2-to-4 snapshot	0.1894	0.1299733981877577	0.10126137404541824	1.4231048734738343	0.007227258206387703	1.9036583744023454	0.7121250033378601	0.7153065420002349	0.00015176727902144194	0.0004783825919730588	0.0004507102130446583	0.0014308201149106023	0.25709390191996545	0.3179141187764377	0.3187247076736754	True	0.19131021009872795	0.19336689083047276	0.01674462606414262	0.04487994793650918	0.044856891404360555	True	0.02813532187236656	0.028112265340217935	-0.001899999999999985	0.004183854152183697	results/phase1RS/solver_sensitivity/seed_11_coupled_endpoints.npz
11	4_to_6	drift_only_d0	0.0025	400	0.0010222990531474352	POT-compatible debiased squared-Euclidean Sinkhorn; parity exact on frozen seed-11 2-to-4 snapshot	0.1913	0.1299733981877577	0.10126137404541824	1.4231048734738343	0.007019244791994129	1.8994745202501617	0.7213506698608398	0.7714710420000301	0.00014564301818609238	0.0004661313854739999	0.060216065496206284	0.12916513159871093	0.25681759271462845	0.3179141187764377	0.3187247076736754	True	0.1921793416943942	0.19423381202824797	0.01669448312660493	0.04487994793650918	0.044856891404360555	True	0.028185464809904248	0.028162408277755624			results/phase1RS/solver_sensitivity/seed_11_coupled_endpoints.npz
23	2_to_4	full_sde	0.01	100	0.0012571030529215932	POT-compatible debiased squared-Euclidean Sinkhorn; parity exact on frozen seed-11 2-to-4 snapshot	0.0107	0.14767617169006253	0.04636327061955501	0.9629462146926555	0.0024000084725491495	0.519147622284555	0.14126057922840118	0.14529600000014398	0.0	0.0	0.0	0.0	0.4042820721869907	0.7298984389631263	0.7301247246703061	True	0.4461118826869904	0.44628354782869784	0.037061390873456945	0.07714721642392952	0.07711220586487433	True	0.040085825550472576	0.04005081499141738	0.0011000000000000003	0.005966740844689067	results/phase1RS/solver_sensitivity/seed_23_coupled_endpoints.npz
23	2_to_4	drift_only_d0	0.01	100	0.0012571030529215932	POT-compatible debiased squared-Euclidean Sinkhorn; parity exact on frozen seed-11 2-to-4 snapshot	0.0096	0.14767617169006253	0.04636327061955501	0.9629462146926555	0.002418726488833539	0.513180881439866	0.10980430245399475	0.21233158399991225	0.0	0.0	0.06924831867218018	0.14669572189450256	0.4190815302434177	0.7298984389631263	0.7301247246703061	True	0.4258358315730153	0.4260137808199038	0.03845499332879743	0.07714721642392952	0.07711220586487433	True	0.038692223095132094	0.0386572125360769			results/phase1RS/solver_sensitivity/seed_23_coupled_endpoints.npz
23	2_to_4	full_sde	0.005	200	0.0012571030529215932	POT-compatible debiased squared-Euclidean Sinkhorn; parity exact on frozen seed-11 2-to-4 snapshot	0.0107	0.14767617169006253	0.04636327061955501	0.9629462146926555	0.0024086946592401714	0.5198048686560461	0.14140670001506805	0.38505350000014005	0.0003556844894774258	0.0018402496702037737	0.0003556844894774258	0.0018402496702037737	0.4038429569594708	0.7298984389631263	0.7301247246703061	True	0.4467134940949332	0.44688497278074035	0.03702634838935537	0.07714721642392952	0.07711220586487433	True	0.04012086803457415	0.04008585747551896	0.0011000000000000003	0.0059888949010586945	results/phase1RS/solver_sensitivity/seed_23_coupled_endpoints.npz
23	2_to_4	drift_only_d0	0.005	200	0.0012571030529215932	POT-compatible debiased squared-Euclidean Sinkhorn; parity exact on frozen seed-11 2-to-4 snapshot	0.0096	0.14767617169006253	0.04636327061955501	0.9629462146926555	0.002407640886596239	0.5138159737549874	0.10996763408184052	0.3688632920002419	0.0003476724086795002	0.0018373890954535453	0.06920262426137924	0.14656829461455329	0.41868342691158617	0.7298984389631263	0.7301247246703061	True	0.42638125448472486	0.4265590346900714	0.038423277964108715	0.07714721642392952	0.07711220586487433	True	0.038723938459820806	0.03868892790076561			results/phase1RS/solver_sensitivity/seed_23_coupled_endpoints.npz
23	2_to_4	full_sde	0.0025	400	0.0012571030529215932	POT-compatible debiased squared-Euclidean Sinkhorn; parity exact on frozen seed-11 2-to-4 snapshot	0.0107	0.14767617169006253	0.04636327061955501	0.9629462146926555	0.00241979334401003	0.5201347630751495	0.14147569239139557	1.682273584000086	0.0001785890490282327	0.0009301684796810151	0.0005309120751917362	0.002793667744845152	0.40362440221680196	0.7298984389631263	0.7301247246703061	True	0.4470129258117339	0.44718431169542716	0.037008947908054424	0.07714721642392952	0.07711220586487433	True	0.0401382685158751	0.040103257956819904	0.0011000000000000003	0.006000118050702219	results/phase1RS/solver_sensitivity/seed_23_coupled_endpoints.npz
23	2_to_4	drift_only_d0	0.0025	400	0.0012571030529215932	POT-compatible debiased squared-Euclidean Sinkhorn; parity exact on frozen seed-11 2-to-4 snapshot	0.0096	0.14767617169006253	0.04636327061955501	0.9629462146926555	0.0023962350017245867	0.5141346450244473	0.11003915965557098	0.7770568330001879	0.0001744208566378802	0.0009210285003064199	0.06917648017406464	0.14661969915032383	0.41848366374870777	0.7298984389631263	0.7301247246703061	True	0.42665494072957033	0.42683263611203204	0.03840743278618741	0.07714721642392952	0.07711220586487433	True	0.03873978363774211	0.038704773078686916			results/phase1RS/solver_sensitivity/seed_23_coupled_endpoints.npz
23	4_to_6	full_sde	0.01	100	0.0012571030529215932	POT-compatible debiased squared-Euclidean Sinkhorn; parity exact on frozen seed-11 2-to-4 snapshot	0.1056	0.16922821353016088	0.1614440408272672	1.796908683418507	0.005841368731560461	3.3040438941424655	0.4818151295185089	0.1658374579997144	0.0	0.0	0.0	0.0	0.49990957258973884	0.7322491080635507	0.7323506479549818	True	0.3172957575711345	0.31739041402409096	0.02292911438641343	0.038221781399103705	0.03823789229176677	True	0.015292667012690275	0.015308777905353343	-0.000899999999999998	0.0031363311259102744	results/phase1RS/solver_sensitivity/seed_23_coupled_endpoints.npz
23	4_to_6	drift_only_d0	0.01	100	0.0012571030529215932	POT-compatible debiased squared-Euclidean Sinkhorn; parity exact on frozen seed-11 2-to-4 snapshot	0.1065	0.16922821353016088	0.1614440408272672	1.796908683418507	0.005669905115947763	3.300907563016555	0.4666678011417389	0.17346904199985147	0.0	0.0	0.06851989775896072	0.15098747685551642	0.502362382712231	0.7322491080635507	0.7323506479549818	True	0.313946064009911	0.3140411848954743	0.023042449661442754	0.038221781399103705	0.03823789229176677	True	0.01517933173766095	0.015195442630324019			results/phase1RS/solver_sensitivity/seed_23_coupled_endpoints.npz
23	4_to_6	full_sde	0.005	200	0.0012571030529215932	POT-compatible debiased squared-Euclidean Sinkhorn; parity exact on frozen seed-11 2-to-4 snapshot	0.1056	0.16922821353016088	0.1614440408272672	1.796908683418507	0.005840834671006677	3.3051070477356497	0.48385876417160034	0.3513930829999481	0.00041722593596205115	0.00226894716033712	0.00041722593596205115	0.00226894716033712	0.5000149320392068	0.7322491080635507	0.7323506479549818	True	0.3171518728626279	0.3172465492650959	0.022983980947797633	0.038221781399103705	0.03823789229176677	True	0.015237800451306072	0.01525391134396914	-0.000899999999999998	0.003145538666738723	results/phase1RS/solver_sensitivity/seed_23_coupled_endpoints.npz
23	4_to_6	drift_only_d0	0.005	200	0.0012571030529215932	POT-compatible debiased squared-Euclidean Sinkhorn; parity exact on frozen seed-11 2-to-4 snapshot	0.1065	0.16922821353016088	0.1614440408272672	1.796908683418507	0.0056612553555766935	3.301961509068911	0.4686398506164551	0.3885676660001991	0.000407352636102587	0.0021819518180564044	0.06845130771398544	0.15089157745242107	0.5024654878277672	0.7322491080635507	0.7323506479549818	True	0.3138052579448699	0.313900398353093	0.023096195651412854	0.038221781399103705	0.03823789229176677	True	0.01512558574769085	0.015141696640353919			results/phase1RS/solver_sensitivity/seed_23_coupled_endpoints.npz
23	4_to_6	full_sde	0.0025	400	0.0012571030529215932	POT-compatible debiased squared-Euclidean Sinkhorn; parity exact on frozen seed-11 2-to-4 snapshot	0.1057	0.16922821353016088	0.1614440408272672	1.796908683418507	0.005863901233636467	3.305641207686102	0.48476678133010864	0.7212440419998529	0.00020561908604577184	0.00113872256479226	0.0006231050938367844	0.003373000561259687	0.5000660571593546	0.7322491080635507	0.7323506479549818	True	0.31708205356263175	0.31717673964549553	0.02301136897516587	0.038221781399103705	0.03823789229176677	True	0.015210412423937836	0.015226523316600904	-0.0007999999999999952	0.0031513581759554654	results/phase1RS/solver_sensitivity/seed_23_coupled_endpoints.npz
23	4_to_6	drift_only_d0	0.0025	400	0.0012571030529215932	POT-compatible debiased squared-Euclidean Sinkhorn; parity exact on frozen seed-11 2-to-4 snapshot	0.1065	0.16922821353016088	0.1614440408272672	1.796908683418507	0.005713726506200431	3.3024898495101467	0.46964457631111145	0.7195752920001723	0.00020431287703104317	0.0010935780999716369	0.06848343461751938	0.15113108977675438	0.5025180782563952	0.7322491080635507	0.7323506479549818	True	0.31373343753833227	0.31382858790440327	0.023123250023455055	0.038221781399103705	0.03823789229176677	True	0.01509853137564865	0.015114642268311718			results/phase1RS/solver_sensitivity/seed_23_coupled_endpoints.npz
47	2_to_4	full_sde	0.01	100	0.0011289551621302962	POT-compatible debiased squared-Euclidean Sinkhorn; parity exact on frozen seed-11 2-to-4 snapshot	0.0113	0.133506163334594	0.04263342353239681	0.9234004930948955	0.002790275048827822	0.5712166764979114	0.1688643991947174	0.699568874999386	0.0	0.0	0.0	0.0	0.28715592577088994	0.6942603014346316	0.6942613852487407	True	0.5863857904916845	0.5863864361864122	0.03946012304005109	0.08960009219151299	0.08948899759612838	True	0.050139969151461905	0.050028874556077296	0.0010999999999999985	0.007175672620914342	results/phase1RS/solver_sensitivity/seed_47_coupled_endpoints.npz
47	2_to_4	drift_only_d0	0.01	100	0.0011289551621302962	POT-compatible debiased squared-Euclidean Sinkhorn; parity exact on frozen seed-11 2-to-4 snapshot	0.0102	0.133506163334594	0.04263342353239681	0.9234004930948955	0.0026943830644075464	0.5640410038769971	0.15286889672279358	0.2041198329998224	0.0	0.0	0.06599074602127075	0.14091630354523657	0.29779237509820766	0.6942603014346316	0.6942613852487407	True	0.5710652409725223	0.5710659105842185	0.04090505823412105	0.08960009219151299	0.08948899759612838	True	0.04869503395739194	0.04858393936200733			results/phase1RS/solver_sensitivity/seed_47_coupled_endpoints.npz
47	2_to_4	full_sde	0.005	200	0.0011289551621302962	POT-compatible debiased squared-Euclidean Sinkhorn; parity exact on frozen seed-11 2-to-4 snapshot	0.0113	0.133506163334594	0.04263342353239681	0.9234004930948955	0.0027968767925729077	0.572424059818736	0.16918078064918518	0.4136244159999478	0.0003840815043076873	0.004065182828344401	0.0003840815043076873	0.004065182828344401	0.2861542142846912	0.6942603014346316	0.6942613852487407	True	0.5878286376257189	0.5878292810680122	0.03939278293510329	0.08960009219151299	0.08948899759612838	True	0.050207309256409705	0.050096214661025096	0.0007999999999999986	0.007195339854705107	results/phase1RS/solver_sensitivity/seed_47_coupled_endpoints.npz
47	2_to_4	drift_only_d0	0.005	200	0.0011289551621302962	POT-compatible debiased squared-Euclidean Sinkhorn; parity exact on frozen seed-11 2-to-4 snapshot	0.0105	0.133506163334594	0.04263342353239681	0.9234004930948955	0.002696227916405906	0.5652287199640309	0.15319587290287018	0.3159758749998218	0.00038193262298591435	0.004048652900382871	0.06594588607549667	0.14125933274626729	0.2967957589356737	0.6942603014346316	0.6942613852487407	True	0.5725007488943703	0.5725014162650894	0.040839598397525156	0.08960009219151299	0.08948899759612838	True	0.048760493793987836	0.04864939919860323			results/phase1RS/solver_sensitivity/seed_47_coupled_endpoints.npz
47	2_to_4	full_sde	0.0025	400	0.0011289551621302962	POT-compatible debiased squared-Euclidean Sinkhorn; parity exact on frozen seed-11 2-to-4 snapshot	0.0112	0.133506163334594	0.04263342353239681	0.9234004930948955	0.0027956210728570176	0.5730305904101305	0.16930848360061646	0.6645396250005433	0.00019199788221158087	0.0020101131405681322	0.0005751077551394701	0.006050967867486173	0.2856490625916906	0.6942603014346316	0.6942613852487407	True	0.5885562490013898	0.5885568913078063	0.03935870772676431	0.08960009219151299	0.08948899759612838	True	0.050241384464748684	0.050130289869364075	0.0008000000000000004	0.007204950129600318	results/phase1RS/solver_sensitivity/seed_47_coupled_endpoints.npz
47	2_to_4	drift_only_d0	0.0025	400	0.0011289551621302962	POT-compatible debiased squared-Euclidean Sinkhorn; parity exact on frozen seed-11 2-to-4 snapshot	0.0104	0.133506163334594	0.04263342353239681	0.9234004930948955	0.0027069133314629947	0.5658256402805302	0.1533602923154831	0.6999182499994276	0.00019146250269841403	0.0020414472790434945	0.06589547544717789	0.1414606139063835	0.2962958561872721	0.6942603014346316	0.6942613852487407	True	0.5732207997850357	0.5732214660316807	0.040806774388999933	0.08960009219151299	0.08948899759612838	True	0.04879331780251306	0.04868222320712845			results/phase1RS/solver_sensitivity/seed_47_coupled_endpoints.npz
47	4_to_6	full_sde	0.01	100	0.0011289551621302962	POT-compatible debiased squared-Euclidean Sinkhorn; parity exact on frozen seed-11 2-to-4 snapshot	0.1212	0.15819815675459944	0.14320002846425167	1.6923358322994524	0.007315554316415809	3.164924552397567	0.4833846092224121	0.17550124999979744	0.0	0.0	0.0	0.0	0.4047193107102238	0.5367510361381125	0.537399300163594	True	0.24598317756002486	0.2468927470001916	0.010525794151071466	0.045563731462013646	0.04562231275427053	True	0.03503793731094218	0.03509651860319907	0.0059000000000000025	0.006326999393395205	results/phase1RS/solver_sensitivity/seed_47_coupled_endpoints.npz
47	4_to_6	drift_only_d0	0.01	100	0.0011289551621302962	POT-compatible debiased squared-Euclidean Sinkhorn; parity exact on frozen seed-11 2-to-4 snapshot	0.1153	0.15819815675459944	0.14320002846425167	1.6923358322994524	0.007236208211270188	3.1585975530041717	0.46829429268836975	0.6981643330000225	0.0	0.0	0.0688587874174118	0.15442967042326922	0.40530008732814765	0.5367510361381125	0.537399300163594	True	0.24490115520921119	0.24581202989142903	0.010551808319558598	0.045563731462013646	0.04562231275427053	True	0.03501192314245505	0.035070504434711935			results/phase1RS/solver_sensitivity/seed_47_coupled_endpoints.npz
47	4_to_6	full_sde	0.005	200	0.0011289551621302962	POT-compatible debiased squared-Euclidean Sinkhorn; parity exact on frozen seed-11 2-to-4 snapshot	0.1211	0.15819815675459944	0.14320002846425167	1.6923358322994524	0.007374147294219649	3.165934183937995	0.4848604202270508	1.3130909169994993	0.0010099445935338736	0.005155667290091514	0.0010099445935338736	0.005155667290091514	0.40487517550186536	0.5367510361381125	0.537399300163594	True	0.24569279192283455	0.24660271165478997	0.010512016949749459	0.045563731462013646	0.04562231275427053	True	0.03505171451226419	0.035110295804521074	0.005500000000000005	0.006332203813710802	results/phase1RS/solver_sensitivity/seed_47_coupled_endpoints.npz
47	4_to_6	drift_only_d0	0.005	200	0.0011289551621302962	POT-compatible debiased squared-Euclidean Sinkhorn; parity exact on frozen seed-11 2-to-4 snapshot	0.1156	0.15819815675459944	0.14320002846425167	1.6923358322994524	0.007266471992937856	3.1596019801242843	0.46987205743789673	1.2383436669997536	0.0010039431508630514	0.005116907134652136	0.06875282526016235	0.15468289479613292	0.4054399412638629	0.5367510361381125	0.537399300163594	True	0.2446405987755963	0.2455517877666762	0.010536028449838808	0.045563731462013646	0.04562231275427053	True	0.03502770301217484	0.035086284304431725			results/phase1RS/solver_sensitivity/seed_47_coupled_endpoints.npz
47	4_to_6	full_sde	0.0025	400	0.0011289551621302962	POT-compatible debiased squared-Euclidean Sinkhorn; parity exact on frozen seed-11 2-to-4 snapshot	0.1212	0.15819815675459944	0.14320002846425167	1.6923358322994524	0.0073806130965890955	3.166438110680785	0.4856818616390228	1.7391935000005105	0.0005092924693599343	0.0025820006267167628	0.0015244281385093927	0.007722688582725823	0.4049559796132129	0.5367510361381125	0.537399300163594	True	0.24554224892262178	0.24645235025438816	0.01050531856421455	0.045563731462013646	0.04562231275427053	True	0.035058412897799096	0.03511699419005598	0.005699999999999997	0.006332664309101066	results/phase1RS/solver_sensitivity/seed_47_coupled_endpoints.npz
47	4_to_6	drift_only_d0	0.0025	400	0.0011289551621302962	POT-compatible debiased squared-Euclidean Sinkhorn; parity exact on frozen seed-11 2-to-4 snapshot	0.1155	0.15819815675459944	0.14320002846425167	1.6923358322994524	0.007263824669240738	3.160105446371684	0.47068431973457336	1.7881644999997661	0.0005035421345382929	0.0025686096400022508	0.06869977712631226	0.15485984832048413	0.4055126836127315	0.5367510361381125	0.537399300163594	True	0.24450507533181876	0.24541642780463957	0.010528285429583617	0.045563731462013646	0.04562231275427053	True	0.03503544603243003	0.035094027324686916			results/phase1RS/solver_sensitivity/seed_47_coupled_endpoints.npz
71	2_to_4	full_sde	0.01	100	0.004064040724188089	POT-compatible debiased squared-Euclidean Sinkhorn; parity exact on frozen seed-11 2-to-4 snapshot	0.0064	0.18277767495709124	0.05061762992097532	1.0061573427744563	0.0026889938087590257	0.5807457975615398	0.22804690897464752	0.646323707999727	0.0	0.0	0.0	0.0	0.380067001124901	0.7692465891922935	0.7700078614747686	True	0.50592305969927	0.5064115314394684	0.04087233555187897	0.08519668018429538	0.08520598424475678	True	0.04432434463241641	0.044333648692877814	-9.99999999999994e-05	0.02450438430488533	results/phase1RS/solver_sensitivity/seed_71_coupled_endpoints.npz
71	2_to_4	drift_only_d0	0.01	100	0.004064040724188089	POT-compatible debiased squared-Euclidean Sinkhorn; parity exact on frozen seed-11 2-to-4 snapshot	0.0065	0.18277767495709124	0.05061762992097532	1.0061573427744563	0.002327158731312201	0.5562414132566544	0.17171253263950348	0.7897353339994879	0.0	0.0	0.12416526675224304	0.27025833874940874	0.41617967422819446	0.7692465891922935	0.7700078614747686	True	0.4589775501439898	0.459512434806704	0.04461380314477559	0.08519668018429538	0.08520598424475678	True	0.040582877039519794	0.040592181099981195			results/phase1RS/solver_sensitivity/seed_71_coupled_endpoints.npz
71	2_to_4	full_sde	0.005	200	0.004064040724188089	POT-compatible debiased squared-Euclidean Sinkhorn; parity exact on frozen seed-11 2-to-4 snapshot	0.0064	0.18277767495709124	0.05061762992097532	1.0061573427744563	0.0026800961837735527	0.5816777535759574	0.2281000316143036	1.1428636250002455	0.0002277561870869249	0.003618691046722228	0.0002277561870869249	0.003618691046722228	0.37920005886125857	0.7692465891922935	0.7700078614747686	True	0.5070500614641431	0.5075374189881774	0.04076581628195508	0.08519668018429538	0.08520598424475678	True	0.0444308639023403	0.0444401679628017	-9.99999999999994e-05	0.024571868172706512	results/phase1RS/solver_sensitivity/seed_71_coupled_endpoints.npz
71	2_to_4	drift_only_d0	0.005	200	0.004064040724188089	POT-compatible debiased squared-Euclidean Sinkhorn; parity exact on frozen seed-11 2-to-4 snapshot	0.0065	0.18277767495709124	0.05061762992097532	1.0061573427744563	0.0023364145561101763	0.5571058854032509	0.1716705858707428	0.8762619170001926	0.00014172449300531298	0.003468899708241219	0.1242409348487854	0.2702133014798164	0.41534021213786676	0.7692465891922935	0.7700078614747686	True	0.4600688284182415	0.4606026341830063	0.04450883253198734	0.08519668018429538	0.08520598424475678	True	0.04068784765230804	0.04069715171276944			results/phase1RS/solver_sensitivity/seed_71_coupled_endpoints.npz
71	2_to_4	full_sde	0.0025	400	0.004064040724188089	POT-compatible debiased squared-Euclidean Sinkhorn; parity exact on frozen seed-11 2-to-4 snapshot	0.0064	0.18277767495709124	0.05061762992097532	1.0061573427744563	0.0026836144031259037	0.5821522623618243	0.22814589738845825	0.7230752079995	0.00011513612116687	0.0018349310092162319	0.0003299781237728894	0.005508139939047396	0.37876269820502306	0.7692465891922935	0.7700078614747686	True	0.5076186186243312	0.5081054140413679	0.04071177297001771	0.08519668018429538	0.08520598424475678	True	0.04448490721427767	0.04449421127473907	-9.99999999999994e-05	0.02461054591858003	results/phase1RS/solver_sensitivity/seed_71_coupled_endpoints.npz
71	2_to_4	drift_only_d0	0.0025	400	0.004064040724188089	POT-compatible debiased squared-Euclidean Sinkhorn; parity exact on frozen seed-11 2-to-4 snapshot	0.0065	0.18277767495709124	0.05061762992097532	1.0061573427744563	0.002332831715580762	0.5575417164432442	0.17165334522724152	0.7262915000001158	7.113734318409115e-05	0.0017536454543005669	0.12414661049842834	0.2701985165476799	0.4149186223780116	0.7692465891922935	0.7700078614747686	True	0.46061688383477284	0.46115014776169594	0.044456097531343275	0.08519668018429538	0.08520598424475678	True	0.040740582652952106	0.04074988671341351			results/phase1RS/solver_sensitivity/seed_71_coupled_endpoints.npz
71	4_to_6	full_sde	0.01	100	0.004064040724188089	POT-compatible debiased squared-Euclidean Sinkhorn; parity exact on frozen seed-11 2-to-4 snapshot	0.1553	0.2065616993304518	0.17666349398846237	1.8796994120782191	0.009441659818955232	3.601696996207523	0.5933700799942017	0.28035308300059114	0.0	0.0	0.0	0.0	0.32925254970090617	0.6502671366946502	0.6521562224243701	True	0.4936657088738666	0.49513239561386035	0.009078188874555027	0.03781498976107445	0.0379006477010464	True	0.02873680088651942	0.02882245882649137	0.0030999999999999917	0.029281730590903443	results/phase1RS/solver_sensitivity/seed_71_coupled_endpoints.npz
71	4_to_6	drift_only_d0	0.01	100	0.004064040724188089	POT-compatible debiased squared-Euclidean Sinkhorn; parity exact on frozen seed-11 2-to-4 snapshot	0.1522	0.2065616993304518	0.17666349398846237	1.8796994120782191	0.008900784779247195	3.5724152656166197	0.5584593415260315	0.19306279200009158	0.0	0.0	0.13478955626487732	0.317884276807308	0.33517264368708427	0.6502671366946502	0.6521562224243701	True	0.48456161356886585	0.48605467192954077	0.009013310421832399	0.03781498976107445	0.0379006477010464	True	0.028801679339242048	0.028887337279213998			results/phase1RS/solver_sensitivity/seed_71_coupled_endpoints.npz
71	4_to_6	full_sde	0.005	200	0.004064040724188089	POT-compatible debiased squared-Euclidean Sinkhorn; parity exact on frozen seed-11 2-to-4 snapshot	0.1553	0.2065616993304518	0.17666349398846237	1.8796994120782191	0.009483181592093569	3.6040488288866896	0.5955908298492432	0.5386510000007547	0.0010741655714809895	0.0063575945794582325	0.0010741655714809895	0.0063575945794582325	0.3287535966449398	0.6502671366946502	0.6521562224243701	True	0.4944330136134273	0.4958974777196655	0.009078861354070877	0.03781498976107445	0.0379006477010464	True	0.02873612840700357	0.02882178634697552	0.0030999999999999917	0.02941486750408817	results/phase1RS/solver_sensitivity/seed_71_coupled_endpoints.npz
71	4_to_6	drift_only_d0	0.005	200	0.004064040724188089	POT-compatible debiased squared-Euclidean Sinkhorn; parity exact on frozen seed-11 2-to-4 snapshot	0.1522	0.2065616993304518	0.17666349398846237	1.8796994120782191	0.008978796836223737	3.5746339613826015	0.5614898204803467	0.37523529200007033	0.0010540781076997519	0.006367476657032967	0.13479377329349518	0.3177241131663322	0.33463769377615094	0.6502671366946502	0.6521562224243701	True	0.4853842753346941	0.4868749507102057	0.009008425582693214	0.03781498976107445	0.0379006477010464	True	0.028806564178381233	0.028892222118353184			results/phase1RS/solver_sensitivity/seed_71_coupled_endpoints.npz
71	4_to_6	full_sde	0.0025	400	0.004064040724188089	POT-compatible debiased squared-Euclidean Sinkhorn; parity exact on frozen seed-11 2-to-4 snapshot	0.1554	0.2065616993304518	0.17666349398846237	1.8796994120782191	0.009551730826367198	3.6052328282469315	0.5966601967811584	1.00511033300063	0.0005422658869065344	0.003190277446992693	0.001610924955457449	0.009596285643056035	0.32851293140487525	0.6502671366946502	0.6521562224243701	True	0.4948031157245195	0.49626650776459846	0.009079622665822296	0.03781498976107445	0.0379006477010464	True	0.02873536709525215	0.0288210250352241	0.0032000000000000084	0.029482228035080826	results/phase1RS/solver_sensitivity/seed_71_coupled_endpoints.npz
71	4_to_6	drift_only_d0	0.0025	400	0.004064040724188089	POT-compatible debiased squared-Euclidean Sinkhorn; parity exact on frozen seed-11 2-to-4 snapshot	0.1522	0.2065616993304518	0.17666349398846237	1.8796994120782191	0.009035597128161607	3.5757506002118506	0.5629889965057373	0.8452147080006398	0.0005286189261823893	0.003201072325464337	0.1349336802959442	0.31724150180816646	0.3343713224341753	0.6502671366946502	0.6521562224243701	True	0.48579390904820086	0.4872833978472819	0.009006079421860269	0.03781498976107445	0.0379006477010464	True	0.028808910339214178	0.028894568279186128			results/phase1RS/solver_sensitivity/seed_71_coupled_endpoints.npz
101	2_to_4	full_sde	0.01	100	0.0022350186482071877	POT-compatible debiased squared-Euclidean Sinkhorn; parity exact on frozen seed-11 2-to-4 snapshot	0.0429	0.15048867862370408	0.06612400302665576	1.1499913306338865	0.004703998778859039	1.2238590770167426	0.5447597503662109	0.19319995800015022	0.0	0.0	0.0	0.0	0.10340037078968566	0.7528097372329992	0.7523347743596305	True	0.8626474052132477	0.8625606919769226	0.006725181687576409	0.13342848999082446	0.1331974927501789	True	0.12670330830324805	0.12647231106260248	0.0006000000000000033	0.013885113346903344	results/phase1RS/solver_sensitivity/seed_101_coupled_endpoints.npz
101	2_to_4	drift_only_d0	0.01	100	0.0022350186482071877	POT-compatible debiased squared-Euclidean Sinkhorn; parity exact on frozen seed-11 2-to-4 snapshot	0.0423	0.15048867862370408	0.06612400302665576	1.1499913306338865	0.004529058605225497	1.2099739636698392	0.5102463960647583	0.19088825000017096	0.0	0.0	0.09672524034976959	0.2131695233285427	0.10708145852236724	0.7528097372329992	0.7523347743596305	True	0.8577576069672637	0.8576678067107659	0.007213292179183206	0.13342848999082446	0.1331974927501789	True	0.12621519781164126	0.12598420057099569			results/phase1RS/solver_sensitivity/seed_101_coupled_endpoints.npz
101	2_to_4	full_sde	0.005	200	0.0022350186482071877	POT-compatible debiased squared-Euclidean Sinkhorn; parity exact on frozen seed-11 2-to-4 snapshot	0.0429	0.15048867862370408	0.06612400302665576	1.1499913306338865	0.004714438328975548	1.225875550277495	0.5446736216545105	0.46266158300022653	0.0006868866039440036	0.004640433331951499	0.0006868866039440036	0.004640433331951499	0.10292128803998311	0.7528097372329992	0.7523347743596305	True	0.8632837980838599	0.8631974866141376	0.006695699563446622	0.13342848999082446	0.1331974927501789	True	0.12673279042737784	0.12650179318673227	0.0006999999999999992	0.013904771217486012	results/phase1RS/solver_sensitivity/seed_101_coupled_endpoints.npz
101	2_to_4	drift_only_d0	0.005	200	0.0022350186482071877	POT-compatible debiased squared-Euclidean Sinkhorn; parity exact on frozen seed-11 2-to-4 snapshot	0.0422	0.15048867862370408	0.06612400302665576	1.1499913306338865	0.0045301163968090065	1.211970779060009	0.5100681781768799	0.44374045800032036	0.0006557195447385311	0.00468536370899528	0.09677191078662872	0.2128230735659597	0.10661226743344533	0.7528097372329992	0.7523347743596305	True	0.8583808601821417	0.8582914533969387	0.007185065220895792	0.13342848999082446	0.1331974927501789	True	0.12624342476992867	0.1260124275292831			results/phase1RS/solver_sensitivity/seed_101_coupled_endpoints.npz
101	2_to_4	full_sde	0.0025	400	0.0022350186482071877	POT-compatible debiased squared-Euclidean Sinkhorn; parity exact on frozen seed-11 2-to-4 snapshot	0.0429	0.15048867862370408	0.06612400302665576	1.1499913306338865	0.0047092243796324484	1.2268845311017924	0.5446464419364929	0.8570304160002706	0.0003442990127950907	0.002344862476456909	0.0010227953316643834	0.006978872790932648	0.10268642797724888	0.7528097372329992	0.7523347743596305	True	0.8635957760659693	0.8635096615537237	0.0066813576997071245	0.13342848999082446	0.1331974927501789	True	0.12674713229111734	0.12651613505047177	0.0006999999999999992	0.013911955658938435	results/phase1RS/solver_sensitivity/seed_101_coupled_endpoints.npz
101	2_to_4	drift_only_d0	0.0025	400	0.0022350186482071877	POT-compatible debiased squared-Euclidean Sinkhorn; parity exact on frozen seed-11 2-to-4 snapshot	0.0422	0.15048867862370408	0.06612400302665576	1.1499913306338865	0.004534412013584172	1.212972575442854	0.5100060701370239	0.9289882080001917	0.00032870707218535244	0.0023583752918057105	0.09663839638233185	0.21276580914854995	0.10637837667557488	0.7528097372329992	0.7523347743596305	True	0.8586915505814583	0.8586023399408573	0.007171011249558212	0.13342848999082446	0.1331974927501789	True	0.12625747874126625	0.12602648150062068			results/phase1RS/solver_sensitivity/seed_101_coupled_endpoints.npz
101	4_to_6	full_sde	0.01	100	0.0022350186482071877	POT-compatible debiased squared-Euclidean Sinkhorn; parity exact on frozen seed-11 2-to-4 snapshot	0.1308	0.1270610431799659	0.11301659901717978	1.5034400488025959	0.007465125910010594	3.337905131167994	0.46665576100349426	0.39846025000042573	0.0	0.0	0.0	0.0	0.3035033943863504	0.6240676514599857	0.6239403891406337	True	0.5136690811063285	0.5135698863726836	0.014784893808633237	0.04882285571723188	0.04886866414093216	True	0.034037961908598646	0.034083770332298924	0.004599999999999993	0.010430795120388137	results/phase1RS/solver_sensitivity/seed_101_coupled_endpoints.npz
101	4_to_6	drift_only_d0	0.01	100	0.0022350186482071877	POT-compatible debiased squared-Euclidean Sinkhorn; parity exact on frozen seed-11 2-to-4 snapshot	0.1262	0.1270610431799659	0.11301659901717978	1.5034400488025959	0.007509279018913767	3.327474336047606	0.4598062336444855	0.22241229199971713	0.0	0.0	0.08921455591917038	0.20918695256114006	0.3054897967596536	0.6240676514599857	0.6239403891406337	True	0.5104860890562581	0.5103862451020182	0.014994770061482088	0.04882285571723188	0.04886866414093216	True	0.033828085655749796	0.03387389407945007			results/phase1RS/solver_sensitivity/seed_101_coupled_endpoints.npz
101	4_to_6	full_sde	0.005	200	0.0022350186482071877	POT-compatible debiased squared-Euclidean Sinkhorn; parity exact on frozen seed-11 2-to-4 snapshot	0.1303	0.1270610431799659	0.11301659901717978	1.5034400488025959	0.00740848359197673	3.3390193906293266	0.4662570357322693	0.46104954200018256	0.0007462082430720329	0.005101146781817078	0.0007462082430720329	0.005101146781817078	0.3030282861554104	0.6240676514599857	0.6239403891406337	True	0.5144303899641558	0.5143313505112601	0.014763339698582678	0.04882285571723188	0.04886866414093216	True	0.034059516018649205	0.03410532444234948	0.004299999999999998	0.01045332055175896	results/phase1RS/solver_sensitivity/seed_101_coupled_endpoints.npz
101	4_to_6	drift_only_d0	0.005	200	0.0022350186482071877	POT-compatible debiased squared-Euclidean Sinkhorn; parity exact on frozen seed-11 2-to-4 snapshot	0.126	0.1270610431799659	0.11301659901717978	1.5034400488025959	0.007429544374459404	3.3285660700775677	0.4588431715965271	0.42902670900002704	0.0007148440345190465	0.005149017623625696	0.0893334299325943	0.20915095955133428	0.3050145928513607	0.6240676514599857	0.6239403891406337	True	0.5112475512265551	0.5111478625843348	0.014973887303658673	0.04882285571723188	0.04886866414093216	True	0.03384896841357321	0.03389477683727349			results/phase1RS/solver_sensitivity/seed_101_coupled_endpoints.npz
101	4_to_6	full_sde	0.0025	400	0.0022350186482071877	POT-compatible debiased squared-Euclidean Sinkhorn; parity exact on frozen seed-11 2-to-4 snapshot	0.1302	0.1270610431799659	0.11301659901717978	1.5034400488025959	0.007446431301379597	3.339580244274337	0.4658304452896118	0.8965310000003228	0.000372972252080217	0.0025638935854658445	0.0011034581111744046	0.007742131431587033	0.3027921485743389	0.6240676514599857	0.6239403891406337	True	0.5148087745519789	0.5147098122764886	0.014752673892928891	0.04882285571723188	0.04886866414093216	True	0.03407018182430299	0.03411599024800327	0.004500000000000004	0.010465210846797302	results/phase1RS/solver_sensitivity/seed_101_coupled_endpoints.npz
101	4_to_6	drift_only_d0	0.0025	400	0.0022350186482071877	POT-compatible debiased squared-Euclidean Sinkhorn; parity exact on frozen seed-11 2-to-4 snapshot	0.1257	0.1270610431799659	0.11301659901717978	1.5034400488025959	0.007410224876728787	3.3291150334275397	0.45831191539764404	0.9653622089999772	0.0003572619752958417	0.002575625095050779	0.08938795328140259	0.2089965529739856	0.30477830457379584	0.6240676514599857	0.6239403891406337	True	0.5116261772889893	0.5115265658734267	0.014963505574387082	0.04882285571723188	0.04886866414093216	True	0.0338593501428448	0.03390515856654508			results/phase1RS/solver_sensitivity/seed_101_coupled_endpoints.npz
