seed	replicate	n_trajectories	status	primary_trajectory_count	runtime_seconds
11	1	10000	STA_CONVERGED	3000.0	reused frozen Phase1R independent run
11	2	10000	STA_CONVERGED	10000.0	51.5867509589998
11	3	10000	STA_CONVERGED	3000.0	80.08202641599974
23	1	10000	STA_CONVERGED	10000.0	reused frozen Phase1R independent run
23	2	10000	STA_CONVERGED	10000.0	82.92805766699985
23	3	10000	STA_CONVERGED	10000.0	111.23103641699981
47	1	10000	STA_CONVERGED	3000.0	reused frozen Phase1R independent run
47	2	10000	STA_CONVERGED	10000.0	64.9314998750001
47	3	10000	STA_CONVERGED	10000.0	56.22808024999995
71	1	10000	STA_MONTE_CARLO_UNSTABLE		reused frozen Phase1R independent run
71	2	10000	STA_CONVERGED	10000.0	36.267854499999885
71	3	10000	STA_CONVERGED	10000.0	48.44098954200035
71	20k_confirmation_once	20000	STA_CONVERGED	20000.0	95.23390570799984
101	1	10000	STA_MONTE_CARLO_UNSTABLE		reused frozen Phase1R independent run
101	2	10000	STA_MONTE_CARLO_UNSTABLE		35.385674082999685
101	3	10000	STA_MONTE_CARLO_UNSTABLE		56.63052499999958
101	20k_confirmation_once	20000	STA_CONVERGED	10000.0	61.89675704199999
