seed	time_stratum	n_cells	raw_velocity_cosine_median	raw_velocity_norm_spearman	local_30nn_averaged_velocity_cosine_median	local_30nn_velocity_norm_spearman
11	all	130887	0.9999999999979633	1.0	0.9999999999980473	1.0
11	day2	28249	0.9999999999973509	1.0	0.9999999999961479	1.0
11	day4	48498	0.9999999999981477	0.9999999999999999	0.9999999999980389	0.9999999999999999
11	day6	54140	0.9999999999980052	1.0	0.9999999999981651	1.0
23	all	130887	0.18991511084681553	0.7179418768466035	0.021107830206153828	0.8577710566257619
23	day2	28249	0.08101613210976302	0.7523204225208808	-0.2976795706038963	0.7694376382875903
23	day4	48498	-0.037028307234861293	0.8369674179134882	-0.0921750829253768	0.8253303025073616
23	day6	54140	0.8206512318486563	0.9029146648067884	0.8524907693047783	0.75300747046557
47	all	130887	0.19574526955767835	0.49734248544019216	0.13465310543994746	0.6686856036355591
47	day2	28249	-0.2843096970343247	0.12295945791634205	-0.36054204759452996	0.16565124955806573
47	day4	48498	0.053494114785435226	0.6332330700908885	0.04765769241763071	0.6425295299468287
47	day6	54140	0.9429160522004416	0.7457446035818434	0.9288130494433404	0.4823078785985999
71	all	130887	0.9297650140124437	0.7879692260319934	0.949383571637559	0.8985551066420675
71	day2	28249	0.934423848545239	0.7474153182519134	0.9540061571174383	0.6830450247424011
71	day4	48498	0.9701336050173479	0.9017559419130645	0.9556694997367357	0.8841035641513022
71	day6	54140	0.1788023755050829	0.9174367102281334	0.8523511052398216	0.8625360711678408
101	all	130887	0.759712586070566	0.6963341991113724	0.7688527887872704	0.6671597797212624
101	day2	28249	0.4499134875482293	0.410016102816897	0.5180049392268097	0.27762895909803564
101	day4	48498	0.8792237537116845	0.8789831644468777	0.7350901834260823	0.6322589489485905
101	day6	54140	0.9384509809685027	0.6205240893580625	0.9564900526423507	0.727159047642907
