path	sha256
.gitignore	dc5947eaea74daa92969370d57831d79fc7599991afb2cfc8f03e31bfb30a2a8
.zenodo.json	d0ab14cb8d05327954162baadc24564f79cefad4ae4f6261103478c726a0bbe0
AI_USE.md	046c402269024a611f95f28918f29f530ec8637c6de503fa89cb781e2c06bef5
CITATION.cff	6562524f3cfe2e617d01a0f684cac8f9cc7c00d0ae8e76621dad512403d6c40d
DATA_LICENSE.md	678c1e4d5fb821ff54b3d07d79621e4b98af10266878c42eecc69bac8c9a5139
LICENSE	1b6ceca87e05731d6a252e7c6ee4674e0ee7c8b9342f3db2be4c23a8ccffab91
README.md	20ea1225c6d29c32c05ec1a0317ee709b6b7ea7541f3e567dab0598c69defaa2
aggregate_results/classifier_pooled_oof_confusion.tsv	db0aa0aabe09c4fec5b2fd6428fe042ad5978ca1303c503c9fe258bf4bf4ff50
aggregate_results/classifier_reliability.tsv	213c237648a5216ceb331eb5a7cbc0b873ffa64f177f9acdd982bb86dbb365ab
aggregate_results/classifier_seed_101_confusion.tsv	eee28a941e6ad3f7681974e70ffbb7c345b5a02ec531990d17e5a91cd2bcb854
aggregate_results/classifier_seed_11_confusion.tsv	197fa6ef33cf807a45ffea45c873455780250ee8b5efdb7824d1295a6243cede
aggregate_results/classifier_seed_23_confusion.tsv	d2a3f10e2806b899043e7235e72a409e3ea1d4db452666b15ca7277e7513df5a
aggregate_results/classifier_seed_47_confusion.tsv	ac1035eab248b96e47c882fffeb97e45c4cb55c56346d042eb85871e6a6254f0
aggregate_results/classifier_seed_71_confusion.tsv	b9f03211e943f41d52ad9abcebaf25b77b74acbbddada65a49548a8a39b78af9
aggregate_results/diffusion_scale_audit.tsv	ae807515bd522bd30f5f95f4d330997ba34eacf81e9e3797447dd3906a7dc28e
aggregate_results/five_seed_stability.tsv	9d7e23b08e0c42e941123822df231b9e44df6d483d1f3debc525249f4c85308c
aggregate_results/growth_stability.tsv	4a44afb0caf0982ef486a16ac96ae43a2d755011a6774ea3735b23c72938675a
aggregate_results/score_term_audit.tsv	20f2d536508b898ae5b8599fd269638da4f9105c59998c9c39ea1a790a47d1ed
aggregate_results/seed_stability_metrics.tsv	4d8367112ea5774bcdaaf1dab051ffd0c916a8e17d5a401328b4971a15e168f4
aggregate_results/solver_sensitivity.tsv	e48be37ecf5cad17b838e836a3497c1d0dfe0e311362ddaa40c77e06f49b856d
aggregate_results/sta_replicate_status.tsv	fa45f025cd1457e96c5be6256c6f13cb729baae9686eb831c44019c56839d8b6
aggregate_results/sta_variance_decomposition.tsv	fe79987ff778faaf9eeed9d9d21dc28a3e6606c315fb527c5d5b7e864a1cf5d4
aggregate_results/support_radius_validation.tsv	b18e63fb32fbf8663f2198784238d8d660e43602b394d12c6d6f7f8146e9c69a
aggregate_results/time_parameterization_audit.tsv	67723d225c9437aab0fb036fe60e8b9b617e8c145e2d869f4766b6bb95168643
aggregate_results/velocity_stability.tsv	c46cba379cebab5e477740bbcfe4f6a6acffc6c2efe442cf4bfa8e6016b48b93
configs/PHASE1RS_FROZEN_PROTOCOL.yaml	eb401b6c771a6a803ea348ba6e391f17d099e08431e3a37aedb9e3423d6d2024
configs/PHASE1R_FROZEN_CONFIG.yaml	d7b07bff3f59f8664505d23936538a0adf67c789fd9eab12de4507dcbb964227
configs/phase1r_reimplementation.json	5147ef3b025d42f409075248e0dcbdece047ac0d210e3aa19e20df3a1b5d7ad8
environment/SOFTWARE_VERSIONS.tsv	a7a6c9c2e08b756dd85451db21f17a5d8bf3e70194c13be731a3ef4dc0b8456a
environment/requirements-figures.txt	8875ddbc3b1d644d71c91b7c119c498390b35af8a6381aac3cd1c75536657212
figure_source_data/Figure1/README.md	69b235217df900af6012080ea00dc458f02d8bb3c9c64893cbdf0173bb1e79a8
figure_source_data/Figure1/figure_hash.txt	a6cbad8cbdc285219b88276d10125c7cfbe6404200b308d6fc281aa777d42b57
figure_source_data/Figure1/figure_structure.tsv	28ca7f59ab97610ed7a79b6b9cd8516b03ef1798e9310d6fdbab8f474529274b
figure_source_data/Figure1/generate_figure.py	635e63df276743bc11b088ff3ff3f4ad0b0c75ca58a20444a7fd767f276cafc1
figure_source_data/Figure1/input_hashes.tsv	7eb911111ecab38cc33cce674c6db2929982c7aae838bd266426288178feddb3
figure_source_data/Figure1/provenance.tsv	07bcb9b815cc86de4e03b1426d28eef336ee7969021707f46f1b8c54cb2039ba
figure_source_data/Figure1/workflow.tsv	5ab0dbf0d920a8e5db5eb0cfd016d9cbe1411550495f7bde1b89f14a61965fb9
figure_source_data/Figure2/README.md	7132793b1dde0f18aa07f0e602d33a76c5e50032ca699ed5da76c528070ccf27
figure_source_data/Figure2/figure_hash.txt	7423c6ac4af2ba75c68c8544af504386789ab920fb74430af9fead35743cd44a
figure_source_data/Figure2/generate_figure.py	a8726faeb82391603a7041b960bf70e520442b8c7f7b99293ace6bef215cde3c
figure_source_data/Figure2/input_hashes.tsv	8191fd2c7442ac16bf605e1bb70ef60305272c1fa0a8a1be90784e71f6d03e99
figure_source_data/Figure2/source_data.tsv	ed6487361f01383dd70d77a145141a0db3f28731aa207fac0ec4947df4607d7b
figure_source_data/Figure3/README.md	66f6f3690fb8d88b5306d97d0107497ecda0ee6d08eb00fcb2eec1563ce2f66a
figure_source_data/Figure3/dt_support.tsv	ed6487361f01383dd70d77a145141a0db3f28731aa207fac0ec4947df4607d7b
figure_source_data/Figure3/figure_hash.txt	c8f98d44704e1d54a1ffcf181ff25780fcdd21066e29058da31328d82aeeaf2c
figure_source_data/Figure3/generate_figure.py	6ee57ef3e2a32c6f3f4ce8db5864e2de63a67cd53dd222b3958e4951f1031962
figure_source_data/Figure3/input_hashes.tsv	663f5959b4fb5e6bb09ac4965f7ac136824e7c1fc6f197db61ceb065f13ff992
figure_source_data/Figure3/paired_support.tsv	794b935824d9d539a518d80a3cfabcefea13a5efd190333faa6af6214eb70af4
figure_source_data/Figure3/refinement_summary.tsv	26a049d26849a9fd0a444eeec4b7c9e1052e2ff9a4b20784ab168cfa30a2af7a
figure_source_data/Figure3/source_data.tsv	da1b117def0d5ed23e9cc6a979c15238d91f28e1d52663478ef82a190baffc49
figure_source_data/Figure4/README.md	1373f1891c6c4436ea3fc4488cf6d380af18e2c431a6d62f76e8ca5696e8c164
figure_source_data/Figure4/all_run_status.tsv	fa45f025cd1457e96c5be6256c6f13cb729baae9686eb831c44019c56839d8b6
figure_source_data/Figure4/figure_hash.txt	40bebd1af1a8299923aac183fff67837424c1fda9a3b279669a799e90fc9c989
figure_source_data/Figure4/frozen_summary.md	a0e3e656594e59daef167ec926669fb003dead294013fe6a4051a1d4e290c599
figure_source_data/Figure4/generate_figure.py	fca1e0a5c3316d639b7285676fcddb5940fda9faa7a13086355b44fdef4b2011
figure_source_data/Figure4/initial_runs.tsv	f2f13c84f8e1ff9274bd4588a10c0e2dcdc3827f2391b9609f47e68b2e242e59
figure_source_data/Figure4/input_hashes.tsv	6a2d98fd4922f1991a9d54b577d1fc385b372aa9bf7edcda74f6170ac922b016
figure_source_data/Figure4/reference_seed_metrics.tsv	9d7e23b08e0c42e941123822df231b9e44df6d483d1f3debc525249f4c85308c
figure_source_data/Figure4/source_data.tsv	2fcea87223142243645e338dc2835037f9d9acf60ab10d400ec4f4e1dda54d8d
figure_source_data/Figure4/variance.tsv	9a2bd740c6cd95187cc369a2a1bd0d91557acce135663fb99e6f02a981e121ca
figures/Figure1_V5.pdf	ba9ac9aed34fb1bb7d4e3396a2d6a35262b960fffa5b17035ad88bc51b96f670
figures/Figure1_V5.png	35fb36fa73e07e4f5df167c9a4d63d681e0cdbd1a0f5732c105ea9791d1c605a
figures/Figure2_V5.pdf	0afd814ccaf6084038eb911c2b074bfde8a961c13bf0d5965718bdb0c1b2b745
figures/Figure2_V5.png	36a889d88e360c02e2bd640644aaf030c31f8aef33ee9a2b2f579d16b2e42248
figures/Figure3_V5.pdf	9b022ab4c0d1e3645fc0a6d8ae777cee92fb3e4780f8429a4bd414e5c8f0ae1c
figures/Figure3_V5.png	ef44a85ee8663469d14d7cdde5135a775044a76f89020d3574645b4f9dae833d
figures/Figure4_V5.pdf	94b6982c206b4cd38e5b3cab93ebacd355f4a09e56977b2142427d3d6b625df1
figures/Figure4_V5.png	a15bad2823478e4b8fa80ef24e8e8c27002fb0d32abda0d40fc780989485f915
scripts/phase1r_freeze_taxonomy_classifier.py	f3540d36fe054702e86e4484ed8177e9ac056b1f7088a2cc08236ef435c8d196
scripts/phase1r_id_integrity.py	3eeef174c6d76cc8cffa3b05d0c63039193e42444ae8346e55799dc9b81156fb
scripts/phase1r_reimplementation.py	3d73e4bedf3f6cbe120f25b33349a507d3a08b25f9605587e2f48214140d6d62
scripts/phase1r_snapshot_qc.py	c71732a8680cc2c3b9d9c87cede4525145b2209a5f6973c86b2962846b1353c8
scripts/phase1r_sta_mc.py	f14cb511e9df895c426e85349387c604fd961ebc3a88269d84ca7b036a206f55
scripts/phase1r_stability_qc.py	09c3a1783f7cdc7492e02f153d07e36db87b5438d16c04c9ab0585af533b32c2
scripts/phase1rs_diffusion_growth_covariates.py	dff02676e7b12005aa537bd7ca4797d38fce6aebba301b8d6db9e3757a4ab8b6
scripts/phase1rs_frozen_audits.py	29389d748f0fc2433a3e480f1144b51d10daddc5b27ab102a79ea93a0caa608c
scripts/phase1rs_score_term_audit.py	665045d7e9eaa4b03ddd4c2a81f1359219df730b3d692c48eb6904fb846a8b4c
scripts/phase1rs_solver_sensitivity.py	47e2a49bb35101b5a2a70e38315d099ddafce96919820d1b6d46cf61f6e333c6
scripts/phase1rs_sta_variance.py	049f9bcf66a2704f322b0c1f40b43383db09841dfa31b5e46a3cd83ad968c664
scripts/phase1rs_support.py	979cf16722979a82be7a8ff557087ab1cf9973a22b82e82c95f0fb488e2f7031
tables/DOME_ML_checklist.tsv	d2e960d53af8e081691e50e9b5321c983dba80a68cf7708883dd60f4a7fa8bcd
tables/Table1.tsv	c77b7a0aa2357ff66208783bbdddad332b8600e1c9045c17d530dfa0cd6f2cb4
tables/Table2.tsv	d3849d66fbe87acf3843012b4e31032b6c820033593545d3f41e48ff466544f0
tables/TableS1.tsv	fbcae7d76d918b051540cdcbd0042c259ef8881720b3bb8b9ff80bdea72afda8
tables/TableS10.tsv	377b6d8c690965ea2af2bc52a75eeb83bfd230c4d00893bb3668f1d76ec73426
tables/TableS11.tsv	3355e5675c5fa34ace0ba03bc1052fb1e643f8ecb01b9af4d524db019c11e384
tables/TableS2.tsv	ef498f88594d3ba42dbeeeffe30d00123707c66d166e1bbd3a0ed3068f1f5aed
tables/TableS3.tsv	ee067c8af055def52f1b229aca12bc43935c6adda05f560e38c281bb6066054d
tables/TableS4.tsv	61c0a37ba96e35582460388e29257ca1dc57dda68915d5d0534e676743abb730
tables/TableS5.tsv	f00f363e660f0fb2236e6cc995a37d8fd0917b24df2159f93d2a391da8968071
tables/TableS6.tsv	608054a0a956f9afb94ef93afc169e91398d7e0421156fd1ae89315dd66dbebe
tables/TableS7.tsv	92db45c25167d55dfaa981d3b26f5b9a66d555b6f615d033d84bdbc880335e7b
tables/TableS8_convergence.tsv	1a6fd7ab2c7e7699a6299117c34319a29540405cd750408c64c1d756a6dad19a
tables/TableS8_variance.tsv	d7f6eb25450244c5f6f66639156e7382c025c4ad07fa903a1f3c44b6f7515522
tables/TableS9.tsv	a6e8bc76d866d739d200bb72295d2057685efb8fe8b424b65fa0a2e2b86b0326
